movie 1, director, actor
movie 2, director, actor
movie 3, director, actor
movie 4, director, actor
movie 5, director, actor
moive 6, director, actor
movie 7, director, actor
movie 8, director, actor
movie 9, director, actor
moive 10, director, actor
movie 11, director, actor
movie 12, director, actor
movie 13, director, actor
movie 14, director, actor
moive 15, director, actor
movie 16, director, actor
movie 17, director, actor
movie 18, director, actor
movie 19, director, actor
movie 20, director, actor
movie 21, director, actor
movie 22, director, actor